assignedID,professorName,professorDept,gender
1,Quincey,Engineering,Male
2,Desmond,Services,Male
3,Halimeda,Product Management,Female
4,Marigold,Research and Development,Female
5,Allayne,Training,Male
6,Godfry,Legal,Male
7,Deny,Marketing,Female
8,Waldon,Engineering,Male
9,Roderigo,Training,Male
10,Herminia,Human Resources,Female
11,Boyd,Training,Male
12,Beniamino,Research and Development,Male
13,Benyamin,Services,Male
14,Angus,Product Management,Male
15,Rustie,Accounting,Male
16,Darsie,Training,Female
17,Rossie,Accounting,Male
18,Jania,Accounting,Female
19,Lyndsie,Human Resources,Female
20,Greer,Accounting,Female
21,Bridget,Marketing,Female
22,Wynn,Business Development,Female
23,Janeta,Product Management,Female
24,Manuel,Product Management,Male
25,Ewart,Support,Male
26,Sinclare,Sales,Male
27,Rahal,Training,Female
28,Carly,Support,Female
29,Hank,Support,Male
30,Valentine,Human Resources,Male
31,Carley,Product Management,Female
32,Fayre,Research and Development,Female
33,Luigi,Research and Development,Male
34,Pren,Training,Male
35,Rolf,Services,Male
36,Vida,Accounting,Female
37,Brandi,Legal,Female
38,Martynne,Support,Female
39,Tristan,Human Resources,Male
40,Jone,Accounting,Male
41,Joly,Business Development,Female
42,Deanna,Business Development,Female
43,Peterus,Engineering,Male
44,Franny,Accounting,Male
45,Heidie,Marketing,Female
46,Demeter,Marketing,Female
47,Sandra,Sales,Female
48,Raymund,Human Resources,Male
49,Daloris,Engineering,Female
50,Hayyim,Accounting,Male
51,Waldo,Business Development,Male
52,Milly,Support,Female
53,Sheelagh,Business Development,Female
54,Scottie,Legal,Male
55,Thomasin,Engineering,Female
56,Grover,Marketing,Male
57,Tandie,Sales,Female
58,Karalee,Support,Female
59,Mischa,Business Development,Male
60,Zane,Engineering,Male
61,Lida,Training,Female
62,Vivia,Accounting,Female
63,Richard,Support,Male
64,Livvy,Human Resources,Female
65,Danyelle,Legal,Female
66,Herta,Product Management,Female
67,Dacey,Engineering,Female
68,Fanny,Engineering,Female
69,Jacquette,Marketing,Female
70,Valerye,Engineering,Female
71,Reagan,Accounting,Male
72,Glyn,Research and Development,Female
73,Flynn,Sales,Male
74,Leonardo,Human Resources,Male
75,Marco,Research and Development,Male
76,Jonell,Sales,Female
77,George,Business Development,Male
78,Travers,Services,Male
79,Abe,Support,Male
80,Emilio,Training,Male
81,Katrine,Product Management,Female
82,Reggie,Accounting,Male
83,Brier,Services,Female
84,Corilla,Legal,Female
85,Robbie,Human Resources,Male
86,Kipper,Services,Male
87,Binky,Accounting,Male
88,Royall,Business Development,Male
89,Kaiser,Business Development,Male
90,Jean,Research and Development,Male
91,Evan,Accounting,Male
92,Evonne,Services,Female
93,Eada,Services,Female
94,Di,Human Resources,Female
95,Cad,Engineering,Male
96,Mano,Services,Male
97,Danila,Product Management,Female
98,Melvyn,Support,Male
99,Julissa,Engineering,Female
100,Manny,Business Development,Male
